,Name of a municipality/electoral district/voting area in Finnish,Year,num_candidates,total_votes
0,Akaa,2012,157,7590
1,Akaa,2017,134,7532
2,Akaa,2021,164,6867
3,Akaa,2025,132,6950
4,Alajärvi,2012,112,5384
5,Alajärvi,2017,98,5004
6,Alajärvi,2021,112,4405
7,Alajärvi,2025,110,4253
8,Alavieska,2012,39,1230
9,Alavieska,2017,29,1156
10,Alavieska,2021,42,1135
11,Alavieska,2025,35,1063
12,Alavus,2012,132,5932
13,Alavus,2017,131,5313
14,Alavus,2021,132,4832
15,Alavus,2025,94,4466
16,Asikkala,2012,95,4426
17,Asikkala,2017,94,4499
18,Asikkala,2021,88,3933
19,Asikkala,2025,80,3760
20,Askola,2012,60,2262
21,Askola,2017,58,2211
22,Askola,2021,65,1936
23,Askola,2025,57,1883
24,Aura,2012,71,1848
25,Aura,2017,45,1685
26,Aura,2021,53,1600
27,Aura,2025,45,1764
28,Enonkoski,2012,40,889
29,Enonkoski,2017,36,826
30,Enonkoski,2021,31,687
31,Enonkoski,2025,30,680
32,Enontekiö,2012,48,1137
33,Enontekiö,2017,39,1053
34,Enontekiö,2021,43,1048
35,Enontekiö,2025,25,891
36,Espoo,2012,701,114725
37,Espoo,2017,732,125425
38,Espoo,2021,772,130737
39,Espoo,2025,672,131919
40,Eura,2012,137,6179
41,Eura,2017,125,5969
42,Eura,2021,132,5432
43,Eura,2025,109,5196
44,Eurajoki,2012,106,3114
45,Eurajoki,2017,138,4950
46,Eurajoki,2021,128,4370
47,Eurajoki,2025,118,4321
48,Evijärvi,2012,42,1467
49,Evijärvi,2017,39,1309
50,Evijärvi,2021,33,1223
51,Evijärvi,2025,32,1097
52,Forssa,2012,195,8890
53,Forssa,2017,175,8805
54,Forssa,2021,173,7602
55,Forssa,2025,137,7098
56,Haapajärvi,2012,57,3163
57,Haapajärvi,2017,43,2935
58,Haapajärvi,2021,78,2924
59,Haapajärvi,2025,56,2649
60,Haapavesi,2012,105,3322
61,Haapavesi,2017,70,3150
62,Haapavesi,2021,88,2814
63,Haapavesi,2025,77,2769
64,Hailuoto,2012,50,638
65,Hailuoto,2017,36,588
66,Hailuoto,2021,37,570
67,Hailuoto,2025,30,551
68,Halsua,2012,33,707
69,Halsua,2017,28,636
70,Halsua,2021,26,554
71,Halsua,2025,22,471
72,Hamina,2012,144,9741
73,Hamina,2017,136,9500
74,Hamina,2021,138,8410
75,Hamina,2025,111,7751
76,Hankasalmi,2012,73,2820
77,Hankasalmi,2017,58,2542
78,Hankasalmi,2021,55,2089
79,Hankasalmi,2025,45,1989
80,Hanko,2012,100,4589
81,Hanko,2017,101,4454
82,Hanko,2021,95,3894
83,Hanko,2025,79,3654
84,Harjavalta,2012,92,3501
85,Harjavalta,2017,86,3366
86,Harjavalta,2021,82,2823
87,Harjavalta,2025,73,2661
88,Hartola,2012,60,1682
89,Hartola,2017,49,1482
90,Hartola,2021,51,1384
91,Hartola,2025,43,1184
92,Hattula,2012,115,4678
93,Hattula,2017,87,4551
94,Hattula,2021,82,4191
95,Hattula,2025,73,4197
96,Hausjärvi,2012,79,3755
97,Hausjärvi,2017,82,3831
98,Hausjärvi,2021,89,3381
99,Hausjärvi,2025,84,3402
100,Heinola,2012,165,9960
101,Heinola,2017,177,9560
102,Heinola,2021,177,8344
103,Heinola,2025,133,7893
104,Heinävesi,2012,61,2082
105,Heinävesi,2017,51,1791
106,Heinävesi,2021,57,1564
107,Heinävesi,2025,41,1365
108,Helsinki,2012,1064,285367
109,Helsinki,2017,1084,325225
110,Helsinki,2021,1163,333895
111,Helsinki,2025,983,341611
112,Hirvensalmi,2012,47,1303
113,Hirvensalmi,2017,34,1144
114,Hirvensalmi,2021,46,1086
115,Hirvensalmi,2025,36,1001
116,Hollola,2012,126,10204
117,Hollola,2017,131,10888
118,Hollola,2021,148,9990
119,Hollola,2025,121,9929
120,Honkajoki,2012,48,1018
121,Honkajoki,2017,40,936
122,Huittinen,2012,144,5430
123,Huittinen,2017,126,5074
124,Huittinen,2021,110,4449
125,Huittinen,2025,87,4297
126,Humppila,2012,58,1312
127,Humppila,2017,44,1214
128,Humppila,2021,46,1105
129,Humppila,2025,43,994
130,Hyrynsalmi,2012,38,1242
131,Hyrynsalmi,2017,32,1113
132,Hyrynsalmi,2021,35,909
133,Hyrynsalmi,2025,35,933
134,Hyvinkää,2012,289,18595
135,Hyvinkää,2017,279,20262
136,Hyvinkää,2021,322,19030
137,Hyvinkää,2025,246,18866
138,Hämeenkoski,2012,36,1081
139,Hämeenkyrö,2012,99,4769
140,Hämeenkyrö,2017,93,4657
141,Hämeenkyrö,2021,108,4322
142,Hämeenkyrö,2025,101,4320
143,Hämeenlinna,2012,355,31161
144,Hämeenlinna,2017,331,31463
145,Hämeenlinna,2021,343,29594
146,Hämeenlinna,2025,293,28972
147,Ii,2012,108,4277
148,Ii,2017,91,4211
149,Ii,2021,78,3895
150,Ii,2025,75,3943
151,Iisalmi,2012,153,10207
152,Iisalmi,2017,136,9498
153,Iisalmi,2021,154,8307
154,Iisalmi,2025,128,7961
155,Iitti,2012,82,3688
156,Iitti,2017,69,3510
157,Iitti,2021,66,3078
158,Iitti,2025,71,3070
159,Ikaalinen,2012,92,3906
160,Ikaalinen,2017,99,3793
161,Ikaalinen,2021,88,3450
162,Ikaalinen,2025,78,3329
163,Ilmajoki,2012,134,5836
164,Ilmajoki,2017,98,5834
165,Ilmajoki,2021,109,5479
166,Ilmajoki,2025,99,5379
167,Ilomantsi,2012,64,2878
168,Ilomantsi,2017,55,2578
169,Ilomantsi,2021,56,2061
170,Ilomantsi,2025,45,1913
171,Imatra,2012,152,12922
172,Imatra,2017,161,12959
173,Imatra,2021,192,10990
174,Imatra,2025,136,10147
175,Inari,2012,77,3472
176,Inari,2017,66,3245
177,Inari,2021,79,3353
178,Inari,2025,73,3255
179,Inkoo,2012,87,3127
180,Inkoo,2017,74,3004
181,Inkoo,2021,74,2896
182,Inkoo,2025,70,3136
183,Isojoki,2012,46,1296
184,Isojoki,2017,36,1065
185,Isojoki,2021,40,1006
186,Isojoki,2025,43,1020
187,Isokyrö,2012,94,2543
188,Isokyrö,2017,84,2419
189,Isokyrö,2021,87,2185
190,Isokyrö,2025,80,2077
191,Jalasjärvi,2012,124,4350
192,Janakkala,2012,181,7778
193,Janakkala,2017,151,7572
194,Janakkala,2021,166,6808
195,Janakkala,2025,139,6630
196,Joensuu,2012,413,30902
197,Joensuu,2017,439,32656
198,Joensuu,2021,477,30327
199,Joensuu,2025,414,31101
200,Jokioinen,2012,101,2764
201,Jokioinen,2017,86,2677
202,Jokioinen,2021,80,2398
203,Jokioinen,2025,78,2282
204,Joroinen,2012,85,2670
205,Joroinen,2017,63,2337
206,Joroinen,2021,49,1911
207,Joroinen,2025,40,1889
208,Joutsa,2012,67,2584
209,Joutsa,2017,63,2424
210,Joutsa,2021,53,2061
211,Joutsa,2025,50,1970
212,Juankoski,2012,73,2389
213,Juuka,2012,77,2729
214,Juuka,2017,70,2515
215,Juuka,2021,71,2060
216,Juuka,2025,53,1937
217,Juupajoki,2012,45,1023
218,Juupajoki,2017,47,978
219,Juupajoki,2021,34,894
220,Juupajoki,2025,42,847
221,Juva,2012,72,3482
222,Juva,2017,65,3071
223,Juva,2021,59,2478
224,Juva,2025,56,2525
225,Jyväskylä,2012,546,58623
226,Jyväskylä,2017,581,62315
227,Jyväskylä,2021,611,60891
228,Jyväskylä,2025,564,62527
229,Jämijärvi,2012,45,1110
230,Jämijärvi,2017,37,1040
231,Jämijärvi,2021,28,776
232,Jämijärvi,2025,25,780
233,Jämsä,2012,185,10587
234,Jämsä,2017,168,10033
235,Jämsä,2021,154,8823
236,Jämsä,2025,92,7979
237,Järvenpää,2012,292,16933
238,Järvenpää,2017,302,18443
239,Järvenpää,2021,309,18476
240,Järvenpää,2025,273,18734
241,Kaarina,2012,232,14521
242,Kaarina,2017,227,15630
243,Kaarina,2021,246,15899
244,Kaarina,2025,216,16932
245,Kaavi,2012,43,1480
246,Kaavi,2017,31,1355
247,Kaavi,2021,49,1254
248,Kaavi,2025,31,1074
249,Kajaani,2012,240,15471
250,Kajaani,2017,213,14742
251,Kajaani,2021,259,13666
252,Kajaani,2025,211,12877
253,Kalajoki,2012,130,6134
254,Kalajoki,2017,113,6107
255,Kalajoki,2021,96,5420
256,Kalajoki,2025,80,5272
257,Kangasala,2012,196,13987
258,Kangasala,2017,203,14538
259,Kangasala,2021,227,14153
260,Kangasala,2025,193,14606
261,Kangasniemi,2012,79,3203
262,Kangasniemi,2017,66,2815
263,Kangasniemi,2021,64,2504
264,Kangasniemi,2025,53,2454
265,Kankaanpää,2012,149,6570
266,Kankaanpää,2017,152,6110
267,Kankaanpää,2021,161,6236
268,Kankaanpää,2025,128,5679
269,Kannonkoski,2012,30,776
270,Kannonkoski,2017,26,716
271,Kannonkoski,2021,26,643
272,Kannonkoski,2025,29,596
273,Kannus,2012,46,2537
274,Kannus,2017,45,2461
275,Kannus,2021,75,2444
276,Kannus,2025,63,2415
277,Karijoki,2012,36,909
278,Karijoki,2017,34,823
279,Karijoki,2021,30,690
280,Karijoki,2025,29,636
281,Karkkila,2012,100,4054
282,Karkkila,2017,80,4052
283,Karkkila,2021,100,3644
284,Karkkila,2025,61,3316
285,Karstula,2012,65,2304
286,Karstula,2017,63,2215
287,Karstula,2021,54,1810
288,Karstula,2025,38,1768
289,Karvia,2012,62,1525
290,Karvia,2017,55,1464
291,Karvia,2021,49,1277
292,Karvia,2025,37,1146
293,Kaskinen,2012,65,913
294,Kaskinen,2017,51,830
295,Kaskinen,2021,49,788
296,Kaskinen,2025,40,690
297,Kauhajoki,2012,164,6808
298,Kauhajoki,2017,141,6394
299,Kauhajoki,2021,132,5643
300,Kauhajoki,2025,89,5195
301,Kauhava,2012,148,8578
302,Kauhava,2017,157,8470
303,Kauhava,2021,155,7478
304,Kauhava,2025,126,6749
305,Kauniainen,2012,103,5066
306,Kauniainen,2017,106,5348
307,Kauniainen,2021,118,5713
308,Kauniainen,2025,94,5678
309,Kaustinen,2012,80,2218
310,Kaustinen,2017,73,2246
311,Kaustinen,2021,65,1933
312,Kaustinen,2025,57,1867
313,Keitele,2012,45,1375
314,Keitele,2017,43,1284
315,Keitele,2021,44,1137
316,Keitele,2025,42,1083
317,Kemi,2012,168,10010
318,Kemi,2017,168,9665
319,Kemi,2021,168,8503
320,Kemi,2025,118,7566
321,Kemijärvi,2012,106,4348
322,Kemijärvi,2017,90,3968
323,Kemijärvi,2021,79,3227
324,Kemijärvi,2025,96,3309
325,Keminmaa,2012,119,4344
326,Keminmaa,2017,95,3954
327,Keminmaa,2021,109,3570
328,Keminmaa,2025,91,3609
329,Kemiönsaari,2012,94,4037
330,Kemiönsaari,2017,94,3914
331,Kemiönsaari,2021,84,3307
332,Kemiönsaari,2025,71,3146
333,Kempele,2012,113,6459
334,Kempele,2017,103,7079
335,Kempele,2021,112,7285
336,Kempele,2025,91,7770
337,Kerava,2012,242,15229
338,Kerava,2017,223,15939
339,Kerava,2021,265,15669
340,Kerava,2025,235,15426
341,Keuruu,2012,84,5358
342,Keuruu,2017,85,4989
343,Keuruu,2021,86,4311
344,Keuruu,2025,62,4041
345,Kihniö,2012,52,1250
346,Kihniö,2017,48,1123
347,Kihniö,2021,42,996
348,Kihniö,2025,32,956
349,Kinnula,2012,41,1188
350,Kinnula,2017,43,1119
351,Kinnula,2021,42,983
352,Kinnula,2025,31,837
353,Kirkkonummi,2012,249,16713
354,Kirkkonummi,2017,216,17902
355,Kirkkonummi,2021,280,18072
356,Kirkkonummi,2025,247,18242
357,Kitee,2012,129,5585
358,Kitee,2017,126,5117
359,Kitee,2021,120,4327
360,Kitee,2025,79,4056
361,Kittilä,2012,78,3287
362,Kittilä,2017,82,3169
363,Kittilä,2021,83,2992
364,Kittilä,2025,78,3157
365,Kiuruvesi,2012,113,4389
366,Kiuruvesi,2017,103,4120
367,Kiuruvesi,2021,109,3736
368,Kiuruvesi,2025,100,3343
369,Kivijärvi,2012,26,744
370,Kivijärvi,2017,26,660
371,Kivijärvi,2021,23,516
372,Kivijärvi,2025,17,462
373,Kokemäki,2012,117,3887
374,Kokemäki,2017,99,3650
375,Kokemäki,2021,102,3159
376,Kokemäki,2025,82,2985
377,Kokkola,2012,325,21273
378,Kokkola,2017,291,21770
379,Kokkola,2021,353,20336
380,Kokkola,2025,314,20008
381,Kolari,2012,58,2219
382,Kolari,2017,69,2319
383,Kolari,2021,67,2082
384,Kolari,2025,57,2230
385,Konnevesi,2012,42,1579
386,Konnevesi,2017,44,1442
387,Konnevesi,2021,30,1175
388,Konnevesi,2025,29,1173
389,Kontiolahti,2012,148,5900
390,Kontiolahti,2017,140,6122
391,Kontiolahti,2021,132,5624
392,Kontiolahti,2025,100,5630
393,Korsnäs,2012,33,1351
394,Korsnäs,2017,32,1368
395,Korsnäs,2021,33,1233
396,Korsnäs,2025,30,1113
397,Koski Tl,2012,49,1324
398,Koski Tl,2017,40,1230
399,Koski Tl,2021,41,1125
400,Koski Tl,2025,44,1076
401,Kotka,2012,285,24706
402,Kotka,2017,323,23673
403,Kotka,2021,320,20555
404,Kotka,2025,249,19930
405,Kouvola,2012,378,40709
406,Kouvola,2017,345,40232
407,Kouvola,2021,369,35362
408,Kouvola,2025,264,31914
409,Kristiinankaupunki,2012,66,4365
410,Kristiinankaupunki,2017,54,4044
411,Kristiinankaupunki,2021,65,3529
412,Kristiinankaupunki,2025,54,3289
413,Kruunupyy,2012,66,3739
414,Kruunupyy,2017,67,3929
415,Kruunupyy,2021,59,3365
416,Kruunupyy,2025,47,3037
417,Kuhmo,2012,98,4407
418,Kuhmo,2017,90,4115
419,Kuhmo,2021,89,3447
420,Kuhmo,2025,55,3054
421,Kuhmoinen,2012,51,1418
422,Kuhmoinen,2017,40,1283
423,Kuhmoinen,2021,42,1192
424,Kuhmoinen,2025,40,1170
425,Kuopio,2012,449,44133
426,Kuopio,2017,452,50179
427,Kuopio,2021,507,48992
428,Kuopio,2025,442,50306
429,Kuortane,2012,65,2168
430,Kuortane,2017,54,2024
431,Kuortane,2021,64,1787
432,Kuortane,2025,52,1720
433,Kurikka,2012,168,7400
434,Kurikka,2017,174,11274
435,Kurikka,2021,195,9716
436,Kurikka,2025,142,8902
437,Kustavi,2012,38,577
438,Kustavi,2017,35,599
439,Kustavi,2021,37,614
440,Kustavi,2025,40,631
441,Kuusamo,2012,176,8210
442,Kuusamo,2017,164,7870
443,Kuusamo,2021,142,6614
444,Kuusamo,2025,101,6225
445,Kyyjärvi,2012,36,795
446,Kyyjärvi,2017,24,718
447,Kyyjärvi,2021,29,674
448,Kyyjärvi,2025,26,570
449,Kärkölä,2012,71,2259
450,Kärkölä,2017,86,2438
451,Kärkölä,2021,64,1959
452,Kärkölä,2025,55,1803
453,Kärsämäki,2012,45,1317
454,Kärsämäki,2017,36,1197
455,Kärsämäki,2021,46,1151
456,Kärsämäki,2025,37,1074
457,Köyliö,2012,39,1432
458,Lahti,2012,354,44482
459,Lahti,2017,404,53622
460,Lahti,2021,544,50388
461,Lahti,2025,407,48375
462,Laihia,2012,92,3890
463,Laihia,2017,86,3914
464,Laihia,2021,81,3541
465,Laihia,2025,71,3422
466,Laitila,2012,86,4003
467,Laitila,2017,83,4017
468,Laitila,2021,83,3418
469,Laitila,2025,67,3328
470,Lapinjärvi,2012,51,1435
471,Lapinjärvi,2017,48,1289
472,Lapinjärvi,2021,42,1172
473,Lapinjärvi,2025,33,1032
474,Lapinlahti,2012,181,4818
475,Lapinlahti,2017,136,4610
476,Lapinlahti,2021,134,3738
477,Lapinlahti,2025,105,3666
478,Lappajärvi,2012,58,1984
479,Lappajärvi,2017,50,1777
480,Lappajärvi,2021,44,1477
481,Lappajärvi,2025,30,1266
482,Lappeenranta,2012,383,31775
483,Lappeenranta,2017,346,32178
484,Lappeenranta,2021,347,29586
485,Lappeenranta,2025,261,29012
486,Lapua,2012,163,7567
487,Lapua,2017,128,7449
488,Lapua,2021,144,6440
489,Lapua,2025,120,6238
490,Laukaa,2012,157,7934
491,Laukaa,2017,144,7930
492,Laukaa,2021,127,7247
493,Laukaa,2025,108,7358
494,Lavia,2012,50,1090
495,Lemi,2012,59,1554
496,Lemi,2017,42,1525
497,Lemi,2021,43,1350
498,Lemi,2025,36,1330
499,Lempäälä,2012,187,9376
500,Lempäälä,2017,184,10051
501,Lempäälä,2021,190,10199
502,Lempäälä,2025,179,10796
503,Leppävirta,2012,107,5100
504,Leppävirta,2017,91,4813
505,Leppävirta,2021,101,4240
506,Leppävirta,2025,78,4082
507,Lestijärvi,2012,27,481
508,Lestijärvi,2017,25,453
509,Lestijärvi,2021,24,410
510,Lestijärvi,2025,21,374
511,Lieksa,2012,109,6362
512,Lieksa,2017,95,5593
513,Lieksa,2021,113,4629
514,Lieksa,2025,89,4376
515,Lieto,2012,151,7831
516,Lieto,2017,140,8997
517,Lieto,2021,193,8951
518,Lieto,2025,180,9458
519,Liminka,2012,77,3382
520,Liminka,2017,68,3707
521,Liminka,2021,81,3544
522,Liminka,2025,69,3789
523,Liperi,2012,124,5425
524,Liperi,2017,122,5363
525,Liperi,2021,111,4578
526,Liperi,2025,87,4509
527,Lohja,2012,384,20666
528,Lohja,2017,381,21109
529,Lohja,2021,400,18897
530,Lohja,2025,317,18602
531,Loimaa,2012,192,8381
532,Loimaa,2017,143,7794
533,Loimaa,2021,150,6832
534,Loimaa,2025,120,6601
535,Loppi,2012,120,3900
536,Loppi,2017,111,3919
537,Loppi,2021,113,3573
538,Loppi,2025,104,3480
539,Loviisa,2012,177,7727
540,Loviisa,2017,136,7277
541,Loviisa,2021,133,6714
542,Loviisa,2025,116,6396
543,Luhanka,2012,25,493
544,Luhanka,2017,22,461
545,Luhanka,2021,25,443
546,Luhanka,2025,28,431
547,Lumijoki,2012,36,834
548,Lumijoki,2017,28,865
549,Lumijoki,2021,28,787
550,Lumijoki,2025,26,783
551,Luoto,2012,71,2549
552,Luoto,2017,84,2803
553,Luoto,2021,76,2796
554,Luoto,2025,70,2952
555,Luumäki,2012,95,2759
556,Luumäki,2017,64,2497
557,Luumäki,2021,69,2140
558,Luumäki,2025,51,2000
559,Luvia,2012,66,1807
560,Maalahti,2012,67,3131
561,Maalahti,2017,69,3203
562,Maalahti,2021,69,2956
563,Maalahti,2025,58,2744
564,Maaninka,2012,48,1731
565,Marttila,2012,54,1064
566,Marttila,2017,40,970
567,Marttila,2021,52,986
568,Marttila,2025,41,864
569,Masku,2012,107,4295
570,Masku,2017,87,4477
571,Masku,2021,107,4201
572,Masku,2025,84,4239
573,Merijärvi,2012,25,599
574,Merijärvi,2017,24,541
575,Merijärvi,2021,21,505
576,Merijärvi,2025,16,476
577,Merikarvia,2012,43,1894
578,Merikarvia,2017,41,1737
579,Merikarvia,2021,35,1516
580,Merikarvia,2025,48,1492
581,Miehikkälä,2012,43,1169
582,Miehikkälä,2017,36,1043
583,Miehikkälä,2021,43,982
584,Miehikkälä,2025,30,835
585,Mikkeli,2012,367,25944
586,Mikkeli,2017,257,24364
587,Mikkeli,2021,288,22291
588,Mikkeli,2025,251,20702
589,Muhos,2012,99,3716
590,Muhos,2017,88,3831
591,Muhos,2021,80,3318
592,Muhos,2025,76,3292
593,Multia,2012,28,929
594,Multia,2017,28,830
595,Multia,2021,24,691
596,Multia,2025,29,622
597,Muonio,2012,44,1182
598,Muonio,2017,36,1129
599,Muonio,2021,33,1021
600,Muonio,2025,31,1108
601,Mustasaari,2012,123,9740
602,Mustasaari,2017,105,10397
603,Mustasaari,2021,109,9529
604,Mustasaari,2025,81,9336
605,Muurame,2012,98,4402
606,Muurame,2017,92,4680
607,Muurame,2021,85,4436
608,Muurame,2025,77,4593
609,Mynämäki,2012,103,3792
610,Mynämäki,2017,72,3674
611,Mynämäki,2021,71,3176
612,Mynämäki,2025,73,3303
613,Myrskylä,2012,36,1007
614,Myrskylä,2017,35,975
615,Myrskylä,2021,56,883
616,Myrskylä,2025,29,731
617,Mäntsälä,2012,187,8002
618,Mäntsälä,2017,172,8316
619,Mäntsälä,2021,192,7970
620,Mäntsälä,2025,160,7858
621,Mänttä-Vilppula,2012,91,5423
622,Mänttä-Vilppula,2017,89,5103
623,Mänttä-Vilppula,2021,83,4400
624,Mänttä-Vilppula,2025,65,4082
625,Mäntyharju,2012,105,3359
626,Mäntyharju,2017,80,3019
627,Mäntyharju,2021,90,2580
628,Mäntyharju,2025,98,3249
629,Naantali,2012,203,9752
630,Naantali,2017,204,10013
631,Naantali,2021,230,9904
632,Naantali,2025,183,10046
633,Nakkila,2012,113,2963
634,Nakkila,2017,85,2723
635,Nakkila,2021,81,2352
636,Nakkila,2025,79,2204
637,Nastola,2012,112,6607
638,Nivala,2012,88,4543
639,Nivala,2017,71,4548
640,Nivala,2021,85,4329
641,Nivala,2025,71,4108
642,Nokia,2012,264,14829
643,Nokia,2017,254,15196
644,Nokia,2021,271,14938
645,Nokia,2025,184,14656
646,Nousiainen,2012,82,2310
647,Nousiainen,2017,63,2289
648,Nousiainen,2021,60,2126
649,Nousiainen,2025,56,2128
650,Nurmes,2012,87,3861
651,Nurmes,2017,73,3491
652,Nurmes,2021,122,4049
653,Nurmes,2025,93,3629
654,Nurmijärvi,2012,242,17322
655,Nurmijärvi,2017,228,18373
656,Nurmijärvi,2021,239,18091
657,Nurmijärvi,2025,210,17642
658,Närpiö,2012,55,4912
659,Närpiö,2017,54,5244
660,Närpiö,2021,62,4795
661,Närpiö,2025,46,4356
662,Orimattila,2012,130,7020
663,Orimattila,2017,114,6874
664,Orimattila,2021,130,6217
665,Orimattila,2025,96,6170
666,Oripää,2012,43,752
667,Oripää,2017,36,667
668,Oripää,2021,38,653
669,Oripää,2025,33,609
670,Orivesi,2012,109,4854
671,Orivesi,2017,118,4744
672,Orivesi,2021,118,4246
673,Orivesi,2025,106,4201
674,Oulainen,2012,79,3619
675,Oulainen,2017,60,3490
676,Oulainen,2021,76,3182
677,Oulainen,2025,56,2953
678,Oulu,2012,617,77862
679,Oulu,2017,619,86161
680,Oulu,2021,670,85187
681,Oulu,2025,573,85801
682,Outokumpu,2012,109,3446
683,Outokumpu,2017,102,3253
684,Outokumpu,2021,111,2693
685,Outokumpu,2025,83,2549
686,Padasjoki,2012,58,1773
687,Padasjoki,2017,60,1734
688,Padasjoki,2021,56,1465
689,Padasjoki,2025,48,1386
690,Paimio,2012,115,4838
691,Paimio,2017,112,5110
692,Paimio,2021,119,4649
693,Paimio,2025,128,4914
694,Paltamo,2012,53,1690
695,Paltamo,2017,54,1632
696,Paltamo,2021,44,1332
697,Paltamo,2025,29,1222
698,Parainen,2012,127,7923
699,Parainen,2017,127,7835
700,Parainen,2021,156,7303
701,Parainen,2025,133,7250
702,Parikkala,2012,92,3118
703,Parikkala,2017,70,2686
704,Parikkala,2021,81,2429
705,Parikkala,2025,58,2129
706,Parkano,2012,102,3740
707,Parkano,2017,89,3514
708,Parkano,2021,103,3172
709,Parkano,2025,87,2922
710,Pedersören kunta,2012,99,5804
711,Pedersören kunta,2017,99,6050
712,Pedersören kunta,2021,102,5834
713,Pedersören kunta,2025,99,5773
714,Pelkosenniemi,2012,27,576
715,Pelkosenniemi,2017,21,553
716,Pelkosenniemi,2021,23,482
717,Pelkosenniemi,2025,19,527
718,Pello,2012,63,2414
719,Pello,2017,40,2074
720,Pello,2021,45,1778
721,Pello,2025,29,1600
722,Perho,2012,48,1390
723,Perho,2017,39,1368
724,Perho,2021,36,1121
725,Perho,2025,27,1143
726,Pertunmaa,2012,47,1033
727,Pertunmaa,2017,48,970
728,Pertunmaa,2021,38,809
729,Petäjävesi,2012,75,1944
730,Petäjävesi,2017,57,1848
731,Petäjävesi,2021,70,1646
732,Petäjävesi,2025,42,1528
733,Pieksämäki,2012,159,8776
734,Pieksämäki,2017,123,8054
735,Pieksämäki,2021,129,6887
736,Pieksämäki,2025,111,6729
737,Pielavesi,2012,63,2622
738,Pielavesi,2017,66,2423
739,Pielavesi,2021,68,2061
740,Pielavesi,2025,74,1973
741,Pietarsaari,2012,155,9786
742,Pietarsaari,2017,139,9906
743,Pietarsaari,2021,148,8795
744,Pietarsaari,2025,131,8535
745,Pihtipudas,2012,67,2217
746,Pihtipudas,2017,80,2123
747,Pihtipudas,2021,69,1761
748,Pihtipudas,2025,61,1798
749,Pirkkala,2012,179,8751
750,Pirkkala,2017,149,9303
751,Pirkkala,2021,191,9431
752,Pirkkala,2025,152,9779
753,Polvijärvi,2012,74,2231
754,Polvijärvi,2017,77,2300
755,Polvijärvi,2021,69,1879
756,Polvijärvi,2025,49,1667
757,Pomarkku,2012,52,1330
758,Pomarkku,2017,43,1226
759,Pomarkku,2021,54,1109
760,Pomarkku,2025,36,941
761,Pori,2012,418,39704
762,Pori,2017,373,40473
763,Pori,2021,410,37616
764,Pori,2025,339,34471
765,Pornainen,2012,62,2154
766,Pornainen,2017,60,2172
767,Pornainen,2021,67,2154
768,Pornainen,2025,57,2208
769,Porvoo,2012,283,22577
770,Porvoo,2017,261,23754
771,Porvoo,2021,317,22577
772,Porvoo,2025,269,22488
773,Posio,2012,45,1980
774,Posio,2017,32,1579
775,Posio,2021,38,1451
776,Posio,2025,24,1325
777,Pudasjärvi,2012,81,3889
778,Pudasjärvi,2017,77,3630
779,Pudasjärvi,2021,99,3289
780,Pudasjärvi,2025,69,2904
781,Pukkila,2012,37,949
782,Pukkila,2017,32,869
783,Pukkila,2021,38,774
784,Pukkila,2025,23,715
785,Punkalaidun,2012,58,1894
786,Punkalaidun,2017,55,1713
787,Punkalaidun,2021,46,1450
788,Punkalaidun,2025,44,1398
789,Puolanka,2012,50,1530
790,Puolanka,2017,44,1358
791,Puolanka,2021,41,1140
792,Puolanka,2025,50,1251
793,Puumala,2012,49,1475
794,Puumala,2017,45,1309
795,Puumala,2021,40,1158
796,Puumala,2025,31,1148
797,Pyhtää,2012,62,2519
798,Pyhtää,2017,61,2515
799,Pyhtää,2021,62,2220
800,Pyhtää,2025,59,2245
801,Pyhäjoki,2012,39,1692
802,Pyhäjoki,2017,47,1689
803,Pyhäjoki,2021,46,1424
804,Pyhäjoki,2025,44,1378
805,Pyhäjärvi,2012,82,2966
806,Pyhäjärvi,2017,72,2765
807,Pyhäjärvi,2021,57,2272
808,Pyhäjärvi,2025,56,2053
809,Pyhäntä,2012,33,757
810,Pyhäntä,2017,29,759
811,Pyhäntä,2021,34,715
812,Pyhäntä,2025,27,670
813,Pyhäranta,2012,39,1173
814,Pyhäranta,2017,35,1053
815,Pyhäranta,2021,37,996
816,Pyhäranta,2025,22,775
817,Pälkäne,2012,86,3524
818,Pälkäne,2017,67,3283
819,Pälkäne,2021,89,3071
820,Pälkäne,2025,58,2832
821,Pöytyä,2012,122,4081
822,Pöytyä,2017,98,3989
823,Pöytyä,2021,102,3710
824,Pöytyä,2025,79,3476
825,Raahe,2012,187,11056
826,Raahe,2017,152,10722
827,Raahe,2021,162,9539
828,Raahe,2025,145,9089
829,Raasepori,2012,235,14198
830,Raasepori,2017,165,14033
831,Raasepori,2021,174,12572
832,Raasepori,2025,139,12559
833,Raisio,2012,165,10508
834,Raisio,2017,165,10816
835,Raisio,2021,223,10220
836,Raisio,2025,191,10262
837,Rantasalmi,2012,58,2003
838,Rantasalmi,2017,33,1786
839,Rantasalmi,2021,44,1538
840,Rantasalmi,2025,38,1488
841,Ranua,2012,52,1933
842,Ranua,2017,42,1713
843,Ranua,2021,63,1636
844,Ranua,2025,76,1833
845,Rauma,2012,250,18792
846,Rauma,2017,176,18426
847,Rauma,2021,194,16480
848,Rauma,2025,173,15575
849,Rautalampi,2012,54,1779
850,Rautalampi,2017,51,1643
851,Rautalampi,2021,56,1448
852,Rautalampi,2025,46,1432
853,Rautavaara,2012,46,930
854,Rautavaara,2017,30,808
855,Rautavaara,2021,28,660
856,Rautavaara,2025,33,705
857,Rautjärvi,2012,50,1994
858,Rautjärvi,2017,48,1861
859,Rautjärvi,2021,48,1588
860,Rautjärvi,2025,44,1624
861,Reisjärvi,2012,34,1428
862,Reisjärvi,2017,30,1358
863,Reisjärvi,2021,36,1285
864,Reisjärvi,2025,27,1182
865,Riihimäki,2012,216,12444
866,Riihimäki,2017,187,12763
867,Riihimäki,2021,209,11649
868,Riihimäki,2025,156,11433
869,Ristijärvi,2012,23,682
870,Ristijärvi,2017,25,686
871,Ristijärvi,2021,27,569
872,Ristijärvi,2025,27,599
873,Rovaniemi,2012,329,26815
874,Rovaniemi,2017,308,26841
875,Rovaniemi,2021,342,25550
876,Rovaniemi,2025,307,26072
877,Ruokolahti,2012,84,2998
878,Ruokolahti,2017,61,2707
879,Ruokolahti,2021,63,2267
880,Ruokolahti,2025,51,2135
881,Ruovesi,2012,64,2719
882,Ruovesi,2017,50,2504
883,Ruovesi,2021,67,2194
884,Ruovesi,2025,54,1978
885,Rusko,2012,90,2880
886,Rusko,2017,85,3001
887,Rusko,2021,92,2955
888,Rusko,2025,77,2920
889,Rääkkylä,2012,60,1359
890,Rääkkylä,2017,46,1177
891,Rääkkylä,2021,56,1151
892,Rääkkylä,2025,32,953
893,Saarijärvi,2012,122,4932
894,Saarijärvi,2017,123,4574
895,Saarijärvi,2021,105,3985
896,Saarijärvi,2025,102,3899
897,Salla,2012,65,2273
898,Salla,2017,47,1869
899,Salla,2021,48,1587
900,Salla,2025,37,1438
901,Salo,2012,318,25331
902,Salo,2017,307,24902
903,Salo,2021,343,22774
904,Salo,2025,256,21109
905,Sastamala,2012,202,12790
906,Sastamala,2017,160,11966
907,Sastamala,2021,173,11243
908,Sastamala,2025,147,10391
909,Sauvo,2012,62,1625
910,Sauvo,2017,61,1612
911,Sauvo,2021,81,1587
912,Sauvo,2025,62,1462
913,Savitaipale,2012,67,2202
914,Savitaipale,2017,62,2016
915,Savitaipale,2021,57,1712
916,Savitaipale,2025,52,1657
917,Savonlinna,2012,278,17805
918,Savonlinna,2017,197,16163
919,Savonlinna,2021,199,13858
920,Savonlinna,2025,168,14091
921,Savukoski,2012,46,747
922,Savukoski,2017,37,675
923,Savukoski,2021,32,589
924,Savukoski,2025,28,573
925,Seinäjoki,2012,294,27139
926,Seinäjoki,2017,299,29030
927,Seinäjoki,2021,320,27456
928,Seinäjoki,2025,299,27516
929,Sievi,2012,57,2215
930,Sievi,2017,44,2076
931,Sievi,2021,56,1812
932,Sievi,2025,53,1818
933,Siikainen,2012,44,898
934,Siikainen,2017,34,770
935,Siikainen,2021,39,671
936,Siikainen,2025,24,568
937,Siikajoki,2012,83,2515
938,Siikajoki,2017,67,2404
939,Siikajoki,2021,58,2091
940,Siikajoki,2025,60,2043
941,Siikalatva,2012,44,2718
942,Siikalatva,2017,41,2572
943,Siikalatva,2021,52,2353
944,Siikalatva,2025,42,2115
945,Siilinjärvi,2012,151,9016
946,Siilinjärvi,2017,138,8948
947,Siilinjärvi,2021,145,8172
948,Siilinjärvi,2025,106,8218
949,Simo,2012,54,1764
950,Simo,2017,45,1609
951,Simo,2021,36,1353
952,Simo,2025,23,1222
953,Sipoo,2012,170,9113
954,Sipoo,2017,148,9779
955,Sipoo,2021,190,10437
956,Sipoo,2025,159,10544
957,Siuntio,2012,119,3174
958,Siuntio,2017,82,2810
959,Siuntio,2021,93,2755
960,Siuntio,2025,82,2876
961,Sodankylä,2012,95,4656
962,Sodankylä,2017,81,4274
963,Sodankylä,2021,92,4052
964,Sodankylä,2025,74,3863
965,Soini,2012,59,1199
966,Soini,2017,54,1074
967,Soini,2021,41,938
968,Soini,2025,34,873
969,Somero,2012,120,4929
970,Somero,2017,99,4451
971,Somero,2021,91,4221
972,Somero,2025,79,3830
973,Sonkajärvi,2012,58,2255
974,Sonkajärvi,2017,58,2015
975,Sonkajärvi,2021,51,1742
976,Sonkajärvi,2025,48,1737
977,Sotkamo,2012,90,4931
978,Sotkamo,2017,90,4657
979,Sotkamo,2021,123,4430
980,Sotkamo,2025,101,4325
981,Sulkava,2012,49,1550
982,Sulkava,2017,40,1427
983,Sulkava,2021,43,1284
984,Sulkava,2025,49,1298
985,Suomussalmi,2012,105,4078
986,Suomussalmi,2017,85,3748
987,Suomussalmi,2021,89,3199
988,Suomussalmi,2025,70,2856
989,Suonenjoki,2012,78,3495
990,Suonenjoki,2017,79,3367
991,Suonenjoki,2021,83,2903
992,Suonenjoki,2025,55,2578
993,Sysmä,2012,86,2386
994,Sysmä,2017,59,2232
995,Sysmä,2021,64,1973
996,Sysmä,2025,58,1894
997,Säkylä,2012,77,2417
998,Säkylä,2017,85,3585
999,Säkylä,2021,90,3093
1000,Säkylä,2025,72,2974
1001,Taipalsaari,2012,66,2407
1002,Taipalsaari,2017,56,2455
1003,Taipalsaari,2021,49,2263
1004,Taipalsaari,2025,52,2194
1005,Taivalkoski,2012,69,2292
1006,Taivalkoski,2017,63,2104
1007,Taivalkoski,2021,64,1903
1008,Taivalkoski,2025,53,1817
1009,Taivassalo,2012,35,957
1010,Taivassalo,2017,38,858
1011,Taivassalo,2021,36,839
1012,Taivassalo,2025,37,816
1013,Tammela,2012,72,3399
1014,Tammela,2017,79,3281
1015,Tammela,2021,81,2818
1016,Tammela,2025,71,2792
1017,Tampere,2012,672,100991
1018,Tampere,2017,665,112492
1019,Tampere,2021,651,114974
1020,Tampere,2025,572,121016
1021,Tarvasjoki,2012,56,980
1022,Tervo,2012,38,914
1023,Tervo,2017,33,854
1024,Tervo,2021,31,812
1025,Tervo,2025,30,705
1026,Tervola,2012,49,1754
1027,Tervola,2017,56,1556
1028,Tervola,2021,49,1376
1029,Tervola,2025,40,1318
1030,Teuva,2012,92,3199
1031,Teuva,2017,84,2965
1032,Teuva,2021,77,2433
1033,Teuva,2025,61,2212
1034,Tohmajärvi,2012,70,2404
1035,Tohmajärvi,2017,67,2233
1036,Tohmajärvi,2021,70,1921
1037,Tohmajärvi,2025,56,1640
1038,Toholampi,2012,51,1748
1039,Toholampi,2017,34,1565
1040,Toholampi,2021,29,1322
1041,Toholampi,2025,31,1261
1042,Toivakka,2012,48,1219
1043,Toivakka,2017,52,1200
1044,Toivakka,2021,51,1099
1045,Toivakka,2025,40,1067
1046,Tornio,2012,172,10427
1047,Tornio,2017,180,9935
1048,Tornio,2021,163,9241
1049,Tornio,2025,147,9079
1050,Turku,2012,704,83671
1051,Turku,2017,693,92891
1052,Turku,2021,669,91182
1053,Turku,2025,668,91966
1054,Tuusniemi,2012,56,1388
1055,Tuusniemi,2017,57,1316
1056,Tuusniemi,2021,59,1178
1057,Tuusniemi,2025,41,1082
1058,Tuusula,2012,262,16741
1059,Tuusula,2017,262,17803
1060,Tuusula,2021,308,17250
1061,Tuusula,2025,278,17876
1062,Tyrnävä,2012,76,2469
1063,Tyrnävä,2017,65,2463
1064,Tyrnävä,2021,76,2378
1065,Tyrnävä,2025,66,2448
1066,Ulvila,2012,151,6527
1067,Ulvila,2017,122,6181
1068,Ulvila,2021,121,5566
1069,Ulvila,2025,124,5205
1070,Urjala,2012,63,2550
1071,Urjala,2017,50,2364
1072,Urjala,2021,52,2128
1073,Urjala,2025,52,2067
1074,Utajärvi,2012,65,1489
1075,Utajärvi,2017,45,1372
1076,Utajärvi,2021,60,1240
1077,Utajärvi,2025,55,1091
1078,Utsjoki,2012,46,883
1079,Utsjoki,2017,47,792
1080,Utsjoki,2021,46,828
1081,Utsjoki,2025,30,724
1082,Uurainen,2012,57,1642
1083,Uurainen,2017,52,1615
1084,Uurainen,2021,58,1441
1085,Uurainen,2025,38,1416
1086,Uusikaarlepyy,2012,59,4040
1087,Uusikaarlepyy,2017,53,3994
1088,Uusikaarlepyy,2021,59,3796
1089,Uusikaarlepyy,2025,51,3512
1090,Uusikaupunki,2012,144,7809
1091,Uusikaupunki,2017,131,7435
1092,Uusikaupunki,2021,126,6411
1093,Uusikaupunki,2025,101,6209
1094,Vaala,2012,45,1659
1095,Vaala,2017,52,1599
1096,Vaala,2021,64,1341
1097,Vaala,2025,49,1287
1098,Vaasa,2012,430,30384
1099,Vaasa,2017,365,32698
1100,Vaasa,2021,382,30388
1101,Vaasa,2025,343,28776
1102,Valkeakoski,2012,182,10071
1103,Valkeakoski,2017,159,9806
1104,Valkeakoski,2021,164,8828
1105,Valkeakoski,2025,126,8559
1106,Valtimo,2012,49,1277
1107,Valtimo,2017,41,1108
1108,Vantaa,2012,643,80949
1109,Vantaa,2017,631,89132
1110,Vantaa,2021,690,90500
1111,Vantaa,2025,628,88225
1112,Varkaus,2012,159,9917
1113,Varkaus,2017,136,9652
1114,Varkaus,2021,147,8227
1115,Varkaus,2025,124,7965
1116,Vehmaa,2012,49,1330
1117,Vehmaa,2017,51,1290
1118,Vehmaa,2021,49,1111
1119,Vehmaa,2025,35,1054
1120,Vesanto,2012,35,1235
1121,Vesanto,2017,40,1176
1122,Vesanto,2021,45,938
1123,Vesanto,2025,23,836
1124,Vesilahti,2012,61,2016
1125,Vesilahti,2017,50,2070
1126,Vesilahti,2021,52,1976
1127,Vesilahti,2025,56,2104
1128,Veteli,2012,65,1757
1129,Veteli,2017,48,1637
1130,Veteli,2021,48,1414
1131,Veteli,2025,38,1411
1132,Vieremä,2012,54,1869
1133,Vieremä,2017,47,1791
1134,Vieremä,2021,51,1584
1135,Vieremä,2025,41,1500
1136,Vihti,2012,178,11880
1137,Vihti,2017,174,12787
1138,Vihti,2021,215,12412
1139,Vihti,2025,167,12151
1140,Viitasaari,2012,80,3568
1141,Viitasaari,2017,74,3281
1142,Viitasaari,2021,90,2774
1143,Viitasaari,2025,63,2578
1144,Vimpeli,2012,74,1831
1145,Vimpeli,2017,61,1709
1146,Vimpeli,2021,62,1453
1147,Vimpeli,2025,35,1329
1148,Virolahti,2012,46,1715
1149,Virolahti,2017,51,1717
1150,Virolahti,2021,47,1465
1151,Virolahti,2025,31,1396
1152,Virrat,2012,83,3964
1153,Virrat,2017,84,3722
1154,Virrat,2021,74,3111
1155,Virrat,2025,68,2861
1156,Vöyri,2012,57,3564
1157,Vöyri,2017,44,3699
1158,Vöyri,2021,44,3376
1159,Vöyri,2025,40,3051
1160,Ylitornio,2012,68,2736
1161,Ylitornio,2017,38,2297
1162,Ylitornio,2021,56,2183
1163,Ylitornio,2025,40,1954
1164,Ylivieska,2012,107,5784
1165,Ylivieska,2017,104,6288
1166,Ylivieska,2021,120,5806
1167,Ylivieska,2025,101,5912
1168,Ylöjärvi,2012,216,13639
1169,Ylöjärvi,2017,194,14260
1170,Ylöjärvi,2021,199,13808
1171,Ylöjärvi,2025,178,14217
1172,Ypäjä,2012,72,1338
1173,Ypäjä,2017,76,1320
1174,Ypäjä,2021,66,1173
1175,Ypäjä,2025,55,1071
1176,Ähtäri,2012,83,3006
1177,Ähtäri,2017,86,2851
1178,Ähtäri,2021,79,2322
1179,Ähtäri,2025,75,2341
1180,Äänekoski,2012,144,9201
1181,Äänekoski,2017,126,8647
1182,Äänekoski,2021,124,7650
1183,Äänekoski,2025,94,7241
